program,v1_cycles,v2_cycles
Neural net,92,77
Fourier,69,61
Image filter,306,291
Quantum search,128,123
Graph triangles,207,163
random 1,89,78
random 2,72,56
random 3,109,93
random 4,49,48
random 5,120,104
random 6,65,59
random 7,93,80
random 8,104,94
random 9,68,64
random 10,112,75
random 11,113,82
random 12,169,130
random 13,155,145
random 14,73,67
random 15,124,99
random 16,114,99
random 17,100,69
random 18,176,130
random 19,96,94
random 20,149,122
random 21,133,99
random 22,64,45
random 23,73,58
random 24,75,73
random 25,90,87
random 26,102,87
random 27,67,61
random 28,134,111
random 29,138,108
random 30,139,118
random 31,64,58
random 32,75,45
random 33,80,61
random 34,71,63
random 35,82,69
random 36,53,52
random 37,147,113
random 38,67,48
random 39,125,106
random 40,75,67
random 41,60,52
random 42,79,77
random 43,58,46
random 44,83,79
random 45,107,102
random 46,76,54
random 47,103,95
random 48,120,108
random 49,132,103
random 50,89,82
random 51,88,78
random 52,127,115
random 53,114,89
random 54,115,100
random 55,92,56
random 56,173,125
random 57,147,125
random 58,133,117
random 59,157,137
random 60,126,106
random 61,121,99
random 62,71,63
random 63,82,71
random 64,140,128
random 65,89,78
random 66,115,110
random 67,115,81
random 68,135,112
random 69,54,53
random 70,105,96
random 71,77,55
random 72,84,74
random 73,165,121
random 74,56,55
random 75,120,114
random 76,112,105
random 77,75,67
random 78,118,92
random 79,91,75
random 80,152,140
random 81,134,109
random 82,90,85
random 83,44,43
random 84,105,95
random 85,116,86
random 86,53,41
random 87,133,124
random 88,87,72
random 89,78,51
random 90,113,101
random 91,154,112
random 92,131,111
random 93,66,53
random 94,70,65
random 95,66,51
random 96,146,126
random 97,81,66
random 98,105,78
random 99,86,60
random 100,104,95
random 101,120,89
random 102,85,82
random 103,69,67
random 104,83,64
random 105,50,43
random 106,155,116
random 107,95,92
random 108,120,108
random 109,130,111
random 110,111,85
random 111,139,81
random 112,98,95
random 113,67,35
random 114,105,84
random 115,61,52
random 116,177,122
random 117,70,57
random 118,63,54
random 119,104,86
random 120,136,124
random 121,137,97
random 122,76,68
random 123,53,52
random 124,89,76
random 125,152,143
random 126,104,95
random 127,41,38
random 128,124,108
random 129,108,82
random 130,136,98
random 131,119,101
random 132,107,101
random 133,121,91
random 134,129,117
random 135,102,92
random 136,127,105
random 137,120,115
random 138,85,85
random 139,124,98
random 140,85,83
random 141,72,52
random 142,103,87
random 143,59,37
random 144,121,111
random 145,99,84
random 146,133,108
random 147,114,92
random 148,140,113
random 149,100,73
random 150,83,80
random 151,107,81
random 152,93,84
random 153,53,52
random 154,119,112
random 155,143,118
random 156,64,57
random 157,73,53
random 158,55,45
random 159,162,128
random 160,102,73
random 161,77,76
random 162,139,126
random 163,99,83
random 164,84,80
random 165,95,84
random 166,103,83
random 167,103,98
random 168,115,89
random 169,138,114
random 170,104,81
random 171,46,45
random 172,74,72
random 173,143,105
random 174,60,56
random 175,71,56
random 176,70,57
random 177,94,93
random 178,143,118
random 179,68,56
random 180,120,106
random 181,97,68
random 182,78,68
random 183,55,49
random 184,80,80
random 185,80,58
random 186,109,83
random 187,133,113
random 188,56,54
random 189,73,55
random 190,112,97
random 191,173,154
random 192,74,62
random 193,102,76
random 194,116,93
random 195,134,123
random 196,112,94
random 197,89,75
random 198,68,60
random 199,84,78
random 200,63,41
